{"cameraMode":{"drawMode":0,"name":"Shaded","section":"Shading Mode"},"sceneLighting":true,"audioPlay":false,"sceneViewState":{"showFog":true,"showMaterialUpdate":false,"showSkybox":true,"showFlares":true,"showImageEffects":true,"showParticleSystems":true},"in2DMode":false,"pivot":{"x":-2.740461826324463,"y":17.596569061279298,"z":-1.8796018362045289},"rotation":{"x":-0.44058871269226076,"y":-0.39089101552963259,"z":0.22005301713943482,"w":-0.7779032588005066},"size":0.7968690991401672,"orthographic":false}