{"cameraMode":{"drawMode":0,"name":"Shaded","section":"Shading Mode"},"sceneLighting":false,"audioPlay":false,"sceneViewState":{"showFog":true,"showMaterialUpdate":false,"showSkybox":false,"showFlares":true,"showImageEffects":true,"showParticleSystems":true},"in2DMode":false,"pivot":{"x":3.180000066757202,"y":0.21199999749660493,"z":-2.759999990463257},"rotation":{"x":-0.3637711703777313,"y":-0.006139262113720179,"z":0.0023890151642262937,"w":-0.9314984679222107},"size":0.5196152329444885,"orthographic":false}