{"cameraMode":{"drawMode":0,"name":"Shaded","section":"Shading Mode"},"sceneLighting":false,"audioPlay":false,"sceneViewState":{"showFog":true,"showMaterialUpdate":false,"showSkybox":false,"showFlares":true,"showImageEffects":true,"showParticleSystems":true},"in2DMode":false,"pivot":{"x":11.115303993225098,"y":-1.3189897537231446,"z":5.375050067901611},"rotation":{"x":-0.18785041570663453,"y":-0.6381489634513855,"z":0.16444849967956544,"w":-0.7284314632415772},"size":2.527463436126709,"orthographic":false}