{"cameraMode":{"drawMode":0,"name":"Shaded","section":"Shading Mode"},"sceneLighting":false,"audioPlay":false,"sceneViewState":{"showFog":true,"showMaterialUpdate":false,"showSkybox":false,"showFlares":true,"showImageEffects":true,"showParticleSystems":true},"in2DMode":false,"pivot":{"x":4.678649425506592,"y":0.21248862147331239,"z":6.983415603637695},"rotation":{"x":-0.314395546913147,"y":-0.012276727706193924,"z":0.004038484301418066,"w":-0.9493265151977539},"size":6.025166988372803,"orthographic":false}